City_ID,City,Lat,Lng,Max Temp,Humidity,Cloudiness,Wind Speed,Date,Country
0,ust-nera,64.5431,143.115,288.29,55,29,2.6,1720403376,Russia
1,iskateley,67.6514,53.0783,290.42,62,22,3.9,1720403379,Russia
2,plunge,55.8955,21.8015,283.46,87,92,1.29,1720403381,Lithuania
3,port-aux-francais,-49.3649,70.2099,275.45,83,90,13.16,1720403384,France
4,matoury,4.7382,-52.4119,297.92,100,0,0.51,1720403386,France
5,mount isa,-20.889,139.3332,299.7,41,4,2.08,1720403389,Australia
6,nova vicosa,-18.001,-40.0675,292.78,94,24,1.83,1720403391,Brazil
7,cole harbour,44.6338,-63.5052,294.41,93,73,1.74,1720403394,Canada
8,papatowai,-46.5819,169.4508,282.61,74,65,5.96,1720403396,New Zealand
9,puerto natales,-52.8426,-75.7225,278.77,84,100,7.0,1720403399,Chile
10,isla mujeres,21.2015,-86.7528,302.13,86,62,6.26,1720403401,Mexico
11,bredasdorp,-34.5442,20.0221,279.55,76,98,10.86,1720403518,South Africa
12,kuta,-8.7411,115.1601,302.17,79,40,5.66,1720403521,Indonesia
13,las heras,-46.6705,-69.0183,272.16,88,98,3.3,1720403523,Argentina
14,college,31.847,-102.3883,309.06,29,0,4.02,1720403526,United States
15,vilyuchinsk,52.9121,158.39,290.57,79,100,2.24,1720403528,Russia
16,kingston,45.1889,-94.3182,295.1,78,0,0.0,1720403531,United States
17,tura,47.3489,0.6528,285.26,82,0,1.03,1720403534,France
18,codrington,51.4882,-2.4137,284.08,88,2,0.45,1720403536,United Kingdom
19,puerto madryn,-42.8769,-65.2087,275.44,67,7,3.89,1720403539,Argentina
20,utrik,11.2078,169.8274,301.02,80,100,7.63,1720403541,Marshall Islands
21,blackmans bay,-43.0253,147.3001,284.86,96,4,0.89,1720403544,Australia
22,palmer,42.1412,-72.3955,298.97,84,20,0.0,1720403546,United States
23,mae hong son,17.5665,97.3438,299.37,83,88,0.6,1720403548,Thailand
24,haiku-pauwela,20.9293,-156.3208,301.4,60,20,11.83,1720403551,United States
25,malango,0.4859,121.8074,299.78,88,97,1.47,1720403553,Indonesia
26,aasiaat,68.5496,-53.0113,278.18,85,44,3.75,1720403556,Greenland
27,albany,42.6135,-73.8975,297.65,78,0,1.55,1720403558,United States
28,iqaluit,63.7085,-68.6012,280.31,81,75,2.57,1720403561,Canada
29,gagliano del capo,39.7937,18.3433,298.75,65,0,4.12,1720403563,Italy
30,udachny,66.3976,112.2321,295.27,46,100,7.3,1720403566,Russia
31,minas de marcona,-15.2319,-75.1303,284.25,91,97,5.75,1720403568,Peru
32,nar'yan-mar,67.6061,52.9031,290.37,62,52,4.01,1720403571,Russia
33,grytviken,-54.3006,-36.5298,266.59,54,6,1.98,1720403573,South Georgia and the South Sandwich Islands
34,boca do acre,-9.592,-69.212,297.71,68,99,0.54,1720403576,Brazil
35,lata,-10.7642,165.7578,300.81,80,72,7.74,1720403578,Solomon Islands
36,petropavlovsk-kamchatsky,52.885,158.522,291.53,88,100,2.42,1720403581,Russia
37,ushuaia,-54.8587,-68.4597,276.29,87,75,10.29,1720403583,Argentina
38,atafu village,-13.0959,165.1709,299.66,77,86,12.11,1720403586,Not Found
39,adamstown,40.2326,-76.0769,299.63,69,6,0.34,1720403588,United States
40,kataragama,6.3736,81.2924,298.91,65,85,7.18,1720403591,Sri Lanka
41,margate,26.2107,-80.234,304.15,76,0,5.14,1720403593,United States
42,bethel,45.3921,-93.2807,297.13,68,0,0.0,1720403596,United States
43,secunda,-26.6761,29.0428,276.76,61,0,4.5,1720403599,South Africa
44,avarua,-21.2409,-159.964,296.23,78,75,2.06,1720403601,Cook Islands
45,namtsy,62.6864,129.6231,297.82,33,18,1.87,1720403604,Russia
46,jabat,7.7321,168.9551,301.25,79,100,5.22,1720403606,Marshall Islands
47,edinburgh of the seven seas,-37.0876,-12.3308,286.02,78,100,15.75,1720403609,"Saint Helena, Ascension and Tristan da Cunha"
48,hawaiian paradise park,19.565,-154.9931,300.96,65,100,5.66,1720403611,United States
49,mili,37.5336,22.6969,297.41,41,0,2.9,1720403614,Greece
50,ntungamo,-1.056,30.4455,291.67,81,99,1.11,1720403616,Uganda
51,opuwo,-18.0724,13.8236,283.87,31,0,0.31,1720403619,Namibia
52,okhotsk,59.3478,143.1694,286.21,84,100,3.92,1720403621,Russia
53,antsiranana,-12.3511,49.2164,294.9,86,72,2.99,1720403623,Madagascar
54,salekhard,66.509,66.5226,292.67,63,86,1.84,1720403626,Russia
55,qaqortoq,60.5582,-46.1985,276.38,100,100,6.32,1720403628,Greenland
56,badger,42.6085,-94.1588,295.34,73,100,0.89,1720403631,United States
57,ola,35.0212,-93.2417,301.99,66,38,2.64,1720403633,United States
58,chinde,-18.6231,36.4216,290.3,80,0,2.73,1720403636,Mozambique
59,mount pearl,38.9425,-102.8094,286.6,87,100,11.7,1720403638,United States
60,thompson,43.3624,-93.7836,294.1,88,75,4.12,1720403641,United States
61,anadyr,64.7149,177.4558,285.29,87,100,12.0,1720403643,Russia
62,zaozersk,69.3833,32.4158,287.24,85,0,10.32,1720403646,Russia
63,vorgashor,67.5728,63.7763,288.44,75,100,3.53,1720403648,Russia
64,corn island,32.1577,-81.1212,302.21,79,75,2.57,1720403651,United States
65,villa gesell,-37.2957,-57.0079,277.81,53,87,3.36,1720403653,Argentina
66,jiangyou,31.5415,104.5105,296.82,96,100,1.12,1720403656,China
67,kimbe,-5.7163,149.993,299.29,80,100,3.43,1720403658,Papua New Guinea
68,thurso,58.581,-3.5561,282.73,89,100,2.08,1720403661,United Kingdom
69,invercargill,-46.6256,168.1954,283.2,69,49,7.99,1720403664,New Zealand
70,praia da vitoria,38.6752,-27.2787,296.61,92,40,4.02,1720403666,Portugal
71,kapuskasing,49.3553,-82.4775,298.08,56,75,2.57,1720403669,Canada
72,mammoth lakes,37.5801,-119.0614,301.74,23,0,3.89,1720403671,United States
73,waitangi,-35.2905,174.0605,288.66,62,100,2.17,1720403674,New Zealand
74,kodiak,57.7674,-152.4552,286.29,76,20,2.57,1720403676,United States
75,kabalo,-6.0647,26.9104,294.38,38,5,1.04,1720403679,Democratic Republic of the Congo
76,west island,38.0207,-121.7934,308.07,33,0,2.68,1720403681,United States
77,cururupu,-1.9449,-45.0498,295.94,96,2,0.98,1720403684,Brazil
78,qamdo,28.4384,93.5975,280.81,97,100,0.74,1720403686,China
79,san luis de la loma,17.2506,-100.9139,299.97,82,34,4.55,1720403689,Mexico
80,igarka,67.4368,86.4373,290.06,61,3,3.51,1720403691,Russia
81,lubuklinggau,-3.378,102.7677,300.0,74,44,0.81,1720403694,Indonesia
82,georgetown,33.3172,-79.3232,300.35,60,0,2.06,1720403696,United States
83,talnakh,69.4795,88.3544,290.62,41,8,10.1,1720403699,Russia
84,oriximina,-1.9987,-58.8954,300.1,63,92,0.38,1720403701,Brazil
85,al jawf,28.3679,37.0062,300.67,30,0,1.92,1720403704,Saudi Arabia
86,kununurra,-15.9023,128.6546,301.08,39,58,4.63,1720403706,Australia
87,mbanza kongo,-4.683,18.5615,292.54,36,16,1.42,1720403709,Democratic Republic of the Congo
88,inekar,15.9087,3.1173,302.32,52,88,7.32,1720403711,Mali
89,taksimo,56.3234,114.802,299.81,48,12,1.44,1720403714,Russia
90,stanley,42.6398,-91.8196,295.59,87,90,1.34,1720403716,United States
91,leninskoye,54.4613,69.1572,290.55,78,5,4.29,1720403719,Kazakhstan
92,priob'ye,62.5006,65.5764,293.08,56,17,1.76,1720403721,Russia
93,punta arenas,-54.6577,-74.7493,277.43,63,100,6.29,1720403724,Chile
94,kone,-21.1154,164.7644,296.22,53,100,4.95,1720403726,France
95,kyren,51.6663,102.104,300.66,45,65,0.47,1720403729,Russia
96,yellowknife,62.4081,-114.5182,291.34,82,75,0.0,1720403732,Canada
97,whitehorse,35.7905,-107.7688,301.41,9,1,5.91,1720403734,United States
98,katsuura,34.9177,140.1879,299.54,81,100,11.45,1720403737,Japan
99,lebu,-38.447,-73.9609,283.01,76,0,9.32,1720403739,Chile
100,willowmore,-33.3353,23.4483,276.01,85,100,7.73,1720403742,South Africa
101,pindushi,62.8972,34.5511,288.95,96,77,3.55,1720403744,Russia
102,rikaze,27.212,82.0991,300.5,81,74,4.02,1720403747,China
103,sumberpucung,-8.195,112.4317,299.57,65,88,2.17,1720403749,Indonesia
104,ouellah,-11.4103,43.3119,296.37,73,86,5.03,1720403752,Comoros
105,idri,27.4057,13.0091,299.66,25,0,3.92,1720403754,Libya
106,bilibino,68.0374,166.4045,281.64,90,100,0.18,1720403757,Russia
107,st. john's,17.0785,-61.8849,301.66,71,20,3.6,1720403759,Antigua and Barbuda
108,vernon,38.7942,-89.0981,299.18,77,7,2.09,1720403762,United States
109,iquique,-21.439,-70.2109,287.62,85,92,4.11,1720403764,Chile
110,nha trang,12.1429,109.1129,301.61,70,20,1.54,1720403767,Vietnam
111,tazovsky,67.4504,78.6189,286.05,62,0,6.17,1720403769,Russia
112,mendoza,-37.5751,-70.5836,266.87,72,1,0.76,1720403772,Argentina
113,amos,37.9959,-94.6002,298.48,90,99,1.65,1720403774,United States
114,margaret river,-34.0106,114.9937,290.46,67,100,9.42,1720403777,Australia
115,solleftea,62.8561,15.7922,282.77,93,100,3.88,1720403779,Sweden
116,san juan de uraba,8.603,-76.6299,298.95,90,8,0.57,1720403782,Colombia
117,tiksi,71.487,128.6302,289.81,40,0,3.64,1720403784,Russia
118,wuhan,29.972,113.6967,305.38,67,84,8.4,1720403787,China
119,shubarshi,48.5739,57.1695,296.25,65,18,4.81,1720403789,Kazakhstan
120,tadine,-21.5683,167.8623,294.58,70,100,9.1,1720403792,France
121,buncrana,-45.7996,167.2361,275.03,85,8,1.08,1720403794,New Zealand
122,dogonbadan,30.317,50.7539,302.02,21,7,0.0,1720403797,Iran
123,lihue,21.937,-159.4088,301.77,65,0,6.17,1720403799,United States
124,kongsberg,47.8314,-100.8213,291.24,78,45,1.08,1720403802,United States
125,ust'-kut,56.7311,105.5662,299.88,50,0,2.67,1720403804,Russia
126,wailua homesteads,22.0413,-159.414,301.33,67,0,6.17,1720403806,United States
127,belinskiy,52.9412,43.3715,287.59,77,0,3.42,1720403808,Russia
128,taiohae,-8.9657,-140.7235,300.59,76,64,8.2,1720403809,France
129,konarka,19.8648,86.0817,301.58,77,98,2.88,1720403811,India
130,biltine,14.3652,20.7687,303.12,44,100,5.34,1720403813,Chad
131,tocopilla,-22.6369,-70.285,288.3,84,8,2.94,1720403815,Chile
132,castillos,-34.207,-53.8835,278.6,61,79,3.42,1720403817,Uruguay
133,stara tura,48.7534,17.614,291.82,95,67,1.88,1720403818,Slovakia
134,puerto baquerizo moreno,-0.9216,-89.628,295.04,83,72,4.59,1720403820,Ecuador
135,alofi,-19.0901,-169.9497,298.53,53,75,8.75,1720403822,Niue
136,saeby,57.2913,10.4799,283.99,94,91,3.65,1720403823,Denmark
137,bubaque,11.2601,-15.8712,297.2,93,100,5.45,1720403825,Guinea-Bissau
138,bouarfa,32.5155,-1.9772,295.41,36,0,4.93,1720403827,Morocco
139,pisco,-13.7282,-76.2219,290.17,88,75,1.54,1720403829,Peru
140,egilsstadir,65.2521,-14.4195,277.12,93,0,0.51,1720403830,Iceland
141,carnarvon,42.2337,-95.0417,291.03,97,100,3.52,1720403832,United States
142,touros,-5.4657,-35.8319,293.61,96,83,3.48,1720403834,Brazil
143,glace bay,46.1607,-60.0069,292.47,96,75,1.03,1720403835,Canada
144,hayma',4.7036,-74.0489,288.12,72,40,3.09,1720403837,Colombia
145,broken hill,-33.1138,141.0011,288.31,66,99,4.43,1720403839,Australia
146,nova sintra,14.8311,-24.7356,298.3,85,98,3.19,1720403841,Cape Verde
147,olonkinbyen,70.9024,-8.736,276.26,92,100,3.57,1720403842,Norway
148,rawson,47.7995,-103.5608,298.49,61,10,2.81,1720403844,United States
149,khandyga,62.6415,135.5264,295.74,37,37,1.83,1720403846,Russia
150,amble,43.4114,-85.4086,295.65,86,100,2.42,1720403848,United States
151,gadzhiyevo,69.24,33.2906,287.64,84,21,9.02,1720403849,Russia
152,hermanus,-34.4575,19.1961,282.67,66,100,14.43,1720403851,South Africa
153,suntar,62.13,117.6037,299.37,36,47,5.21,1720403853,Russia
154,warrenton,38.6934,-77.8246,301.3,72,0,0.0,1720403854,United States
155,jamestown,46.8774,-98.7587,294.12,73,20,4.12,1720403856,United States
156,port lincoln,-34.7697,135.8106,287.84,68,100,7.29,1720403858,Australia
157,selkirk,36.7039,-89.4748,300.16,76,0,2.08,1720403860,United States
158,labytnangi,66.6274,66.1566,292.41,65,100,1.44,1720403861,Russia
159,tucumcari,35.1356,-103.8075,300.92,42,0,8.75,1720403863,United States
160,puerto ayora,-0.7486,-90.3282,294.74,94,39,0.45,1720403865,Ecuador
161,port elizabeth,39.2934,-75.001,300.07,91,43,0.29,1720403866,United States
162,ambovombe,-20.8181,47.0361,280.88,50,0,1.44,1720403868,Madagascar
163,bahar,36.384,59.5884,295.33,46,0,0.0,1720403870,Iran
164,devinuwara,5.9212,80.594,299.62,82,73,4.79,1720403872,Sri Lanka
165,hobyo,4.9666,47.3507,296.93,68,72,8.99,1720403874,Somalia
166,corpus christi,27.4836,-97.6827,303.18,79,0,5.66,1720403875,United States
167,santa cecilia,42.0399,-3.8258,285.67,61,0,1.74,1720403877,Spain
168,gamba,27.9407,88.1626,270.9,81,98,1.18,1720403879,China
169,constantia,43.1555,-76.0853,295.51,81,0,0.32,1720403880,United States
170,macau,22.0299,113.378,306.72,73,1,3.67,1720403882,China
171,ribeira grande,37.7607,-25.6392,295.01,94,75,4.63,1720403884,Portugal
172,fale old settlement,-73.2096,87.2761,222.67,90,5,6.38,1720403886,Not Found
173,aripuana,-10.92,-60.7053,296.23,54,9,0.69,1720403887,Brazil
174,afaahiti,-17.7837,-149.3522,301.16,80,51,8.0,1720403889,France
175,greenville,34.7665,-82.4349,296.47,96,40,2.57,1720403891,United States
176,muromtsevo,56.3534,75.1964,289.91,68,0,3.87,1720403892,Russia
177,arraial do cabo,-23.0166,-42.283,294.87,82,32,1.92,1720403894,Brazil
178,pionerskiy,61.1821,62.8019,294.51,53,11,1.13,1720403896,Russia
179,conception bay south,47.4329,-53.1269,290.61,99,100,4.26,1720403898,Canada
180,kapa'a,22.0552,-159.339,302.29,65,0,6.17,1720403899,United States
181,ulladulla,-35.3828,150.4357,287.14,87,100,1.09,1720403901,Australia
182,isangel,-19.5811,169.2411,299.21,50,75,6.17,1720403903,Vanuatu
183,marksville,31.0861,-92.089,300.2,96,100,3.4,1720403905,United States
184,ebaye,-42.6798,-24.6358,280.11,59,93,10.84,1720403906,Not Found
185,mount gambier,-37.8526,140.7376,284.75,81,100,4.03,1720403908,Australia
186,holualoa,19.5997,-155.997,297.85,93,83,3.03,1720403910,United States
187,saipan,15.0919,145.6896,305.59,62,20,5.14,1720403911,United States
188,trinity beach,-16.8121,145.6802,300.7,71,20,7.72,1720403913,Australia
189,keetmanshoop,-26.6023,18.1162,279.93,65,68,7.72,1720403915,Namibia
190,eydhafushi,5.0992,73.0658,298.68,89,100,6.1,1720403917,Maldives
191,hanceville,34.0335,-86.7942,300.9,86,100,1.3,1720403918,United States
192,lincheng,37.3471,114.0616,300.11,61,68,2.5,1720403920,China
193,mulifanua,-13.8863,-172.0886,300.15,83,100,1.54,1720403922,Samoa
194,longyearbyen,78.1832,15.6064,274.61,87,75,1.54,1720403923,Norway
195,el nido,33.8456,-118.3815,302.6,79,0,5.66,1720403925,United States
196,fort bragg,39.4189,-123.8055,290.59,88,78,1.22,1720403927,United States
197,uturoa,-16.7667,-151.4865,299.03,79,6,7.14,1720403929,France
198,ilulissat,69.0597,-51.2586,278.85,70,92,2.91,1720403930,Greenland
199,rio de janeiro,-23.0827,-43.7963,295.17,88,75,3.6,1720403932,Brazil
200,chonchi,-42.8838,-74.1959,279.99,84,66,2.73,1720403934,Chile
201,klyuchi,54.6709,61.247,291.56,86,26,2.82,1720403936,Russia
202,xinyuan,43.2726,83.0677,291.74,32,88,1.96,1720403937,China
203,christchurch,-43.6292,172.393,286.3,54,0,2.06,1720403939,New Zealand
204,yorkton,51.1805,-102.5214,295.99,68,100,1.03,1720403941,Canada
205,puerto aysen,-45.5668,-72.8577,271.11,99,100,1.02,1720403942,Chile
206,dalton,46.17,-95.9215,292.88,83,19,1.37,1720403944,United States
207,geraldton,-28.9304,114.4547,290.38,61,100,5.29,1720403946,Australia
208,guane,22.0819,-84.2311,299.41,79,24,3.7,1720403947,Cuba
209,bumba,2.0143,21.6432,294.1,98,100,0.54,1720403949,Democratic Republic of the Congo
210,merizo village,83.9279,-83.932,274.07,91,100,1.3,1720403951,Not Found
211,fort mcmurray,56.6437,-111.5109,301.19,32,0,2.06,1720403953,Canada
212,agat village,-81.3581,144.7419,228.35,77,10,9.52,1720403954,Not Found
213,punta del este,-34.9739,-54.9571,279.82,70,100,4.63,1720403956,Uruguay
214,isafjordur,66.0327,-23.1594,281.81,83,63,2.24,1720403958,Iceland
215,hadibu,12.4772,53.9747,294.34,90,100,6.8,1720403960,Yemen
216,lospalos,-8.6848,126.9264,298.66,81,53,4.77,1720403961,East Timor
217,catumbela,-12.4734,13.503,291.3,90,3,1.5,1720403963,Angola
218,buriti bravo,-6.005,-44.0761,297.54,64,75,1.89,1720403965,Brazil
219,the pas,53.801,-101.2617,297.18,70,100,0.72,1720403966,Canada
220,cold lake,54.3736,-110.333,298.18,47,20,3.6,1720403968,Canada
221,tahe,52.1732,124.542,299.57,27,1,3.48,1720403970,China
222,kampene,-3.6343,26.6283,292.82,74,31,0.58,1720403972,Democratic Republic of the Congo
223,pante makasar,-9.2428,124.3284,302.69,57,10,2.96,1720403973,East Timor
224,viligili,60.6338,-15.2109,284.0,83,100,3.21,1720403975,Not Found
225,souillac,44.8786,1.4107,284.8,88,65,1.22,1720403977,France
226,plettenberg bay,30.858,-91.5123,300.13,89,0,0.0,1720403978,United States
227,del rio,29.3252,-100.9364,311.49,32,0,5.66,1720403980,United States
228,fuvahmulah,-0.3121,73.4101,301.61,74,49,1.87,1720403982,Maldives
229,mahavelona,-17.7189,49.4719,289.12,92,11,1.77,1720403984,Madagascar
230,hamilton,41.1646,-92.9134,295.42,91,52,3.28,1720403986,United States
231,sitka,37.155,-99.6715,298.07,58,0,5.05,1720403987,United States
232,newman,39.7876,-88.0039,296.93,73,1,2.32,1720403989,United States
233,pimenta bueno,-12.261,-61.5758,295.54,53,1,0.82,1720403991,Brazil
234,lorengau,-2.193,147.1189,298.59,93,100,6.04,1720403992,Papua New Guinea
235,naze,5.412,7.0167,296.31,98,100,1.77,1720403994,Nigeria
236,howard springs,38.8382,-122.6947,306.92,17,0,2.91,1720403996,United States
237,portland,45.4325,-122.8367,309.68,28,0,1.79,1720403998,United States
238,tehran,35.5682,51.0892,301.73,38,40,4.12,1720403999,Iran
239,wickenburg,33.9331,-112.8279,314.76,15,0,6.72,1720404001,United States
240,lupane,-19.5036,27.3439,281.16,50,0,0.62,1720404003,Zimbabwe
241,tolanaro,-25.0758,46.9251,289.19,94,20,1.03,1720404005,Madagascar
242,port saint john's,-31.6429,29.5248,289.91,37,0,10.19,1720404006,South Africa
243,reggane,23.9949,-5.6683,309.14,10,34,6.47,1720404008,Algeria
244,bako,39.5312,49.2188,300.21,58,100,1.62,1720404010,Azerbaijan
245,isle of lewis,58.199,-6.408,281.81,93,75,0.0,1720404012,United Kingdom
246,keelung,25.0525,121.6268,305.21,64,42,1.66,1720404013,Taiwan
247,tuy hoa,46.492,126.8007,297.76,48,31,7.07,1720404015,China
248,vila velha,-20.5357,-40.4842,295.7,82,100,2.4,1720404017,Brazil
249,tongchuanshi,35.0547,109.065,294.56,93,100,1.22,1720404019,China
250,male,4.1683,73.4546,300.17,89,100,1.54,1720404020,Maldives
251,douz,33.4171,8.985,301.97,37,68,4.4,1720404025,Tunisia
252,remire-montjoly,4.848,-52.3183,298.13,100,0,0.51,1720404045,France
253,boa vista,2.4288,-61.0005,296.15,98,65,0.51,1720404048,Brazil
254,colonia,50.8304,6.7725,287.36,82,75,0.0,1720404049,Germany
255,colachel,8.1353,77.2119,298.06,89,100,5.53,1720404051,India
256,sinop,41.6638,34.8101,287.53,86,0,1.71,1720404053,Turkey
257,nemuro,42.9183,145.1956,286.54,100,94,5.06,1720404054,Japan
258,kerikeri,-35.2673,173.9091,287.49,65,98,1.69,1720404056,New Zealand
259,dudinka,69.3781,86.1174,290.27,45,6,9.15,1720404058,Russia
260,rethymno,35.2076,24.3136,293.57,60,0,4.67,1720404060,Greece
261,cuito,-12.5431,16.7825,282.45,27,0,0.07,1720404062,Angola
262,qashyr,-22.0737,-103.5928,294.47,72,6,3.74,1720404063,Not Found
263,poronaysk,49.1927,143.0196,286.03,95,100,1.45,1720404065,Russia
264,pudozh,61.792,36.4867,291.07,79,62,3.33,1720404067,Russia
265,nabire,-3.5203,135.3424,302.05,82,0,0.62,1720404068,Indonesia
266,walvis bay,-23.1158,14.3471,283.71,77,0,7.15,1720404070,Namibia
267,jisr ez zarqa,32.53,34.905,298.92,84,34,3.34,1720404072,Israel
268,hassi messaoud,28.4984,2.9965,308.16,10,0,8.22,1720404074,Algeria
269,rio grande,38.866,-82.3924,297.07,82,17,2.37,1720404075,United States
270,savanna-la-mar,18.2086,-78.1432,303.16,85,100,2.15,1720404077,Jamaica
271,tonghae,38.8938,127.9004,297.57,91,100,1.64,1720404079,North Korea
272,happy valley-goose bay,53.261,-60.6022,295.44,53,40,4.12,1720404080,Canada
273,francisco sa,-16.815,-43.7623,290.88,77,0,1.54,1720404082,Brazil
274,chesma,53.7907,60.6305,291.07,87,98,2.91,1720404084,Russia
275,kerouane,13.3947,-7.3319,300.45,66,76,2.76,1720404086,Mali
276,thunder bay,48.283,-89.4276,292.64,73,75,3.09,1720404087,Canada
277,tionk essil,12.7681,-16.5209,296.3,92,100,3.18,1720404089,Senegal
278,maubara,-8.653,125.1662,298.8,61,17,4.16,1720404091,East Timor
279,bel ombre,-4.6414,55.3822,298.84,89,75,5.14,1720404093,Seychelles
280,fort dodge,42.4726,-94.2243,295.35,76,75,4.12,1720404096,United States
281,kuala lipis,4.147,102.0144,299.52,86,75,0.2,1720404097,Malaysia
282,vetluga,57.8416,45.7542,288.22,77,57,1.4,1720404099,Russia
283,krishnarajpet,12.6543,76.485,293.62,90,100,3.34,1720404101,India
284,brandon,42.3101,-92.0118,296.14,85,0,2.57,1720404102,United States
285,dryden,42.3962,-76.4541,295.52,86,0,1.79,1720404104,United States
286,simpang,4.8001,100.6858,299.9,89,97,2.22,1720404106,Malaysia
287,luderitz,-26.69,15.1173,285.25,73,28,4.1,1720404108,Namibia
288,choele choel,-39.3094,-65.6792,276.68,53,0,3.52,1720404110,Argentina
289,khovd,44.9994,90.6678,295.57,41,4,0.53,1720404112,Mongolia
290,saint-francois,37.8364,-90.5387,299.36,69,0,1.54,1720404115,United States
291,pariaman,-0.7,100.0745,299.21,83,53,5.12,1720404117,Indonesia
292,szarvas,46.7732,20.4851,296.05,64,58,1.71,1720404120,Hungary
293,linqiong,30.3899,103.4558,297.06,98,100,3.88,1720404122,China
294,akjoujt,19.5836,-14.5455,299.16,52,73,5.89,1720404125,Mauritania
295,alice springs,-23.7071,133.8743,288.94,82,100,2.57,1720404126,Australia
296,lazaro cardenas,20.205,-97.6131,298.2,90,16,1.03,1720404128,Mexico
297,sinah,5.7839,-9.6668,296.58,89,100,2.17,1720404130,Liberia
298,port augusta,-32.5213,137.7579,288.11,59,41,3.62,1720404132,Australia
299,amga,60.8817,131.8903,296.35,35,13,2.63,1720404133,Russia
300,homer,59.5983,-151.655,289.8,88,93,2.98,1720404135,United States
301,susuman,62.7591,148.0864,286.58,62,100,4.92,1720404137,Russia
302,namibe,-17.274,11.461,288.31,87,0,17.35,1720404139,Angola
303,kavieng,-2.6135,150.7552,299.77,85,100,2.51,1720404141,Papua New Guinea
304,port mathurin,-19.7208,63.3821,295.72,74,71,6.09,1720404142,Mauritius
305,cill airne,52.0577,-9.5133,280.79,93,7,1.07,1720404144,Ireland
306,oranjemund,-28.5643,16.4104,285.61,63,13,5.93,1720404146,Namibia
307,east london,-33.1792,27.7399,288.26,45,31,14.39,1720404148,South Africa
308,gizo,29.8271,31.0518,297.96,75,0,3.1,1720404149,Egypt
309,ad dawadimi,24.4636,44.3427,301.63,15,100,4.79,1720404151,Saudi Arabia
310,callao,39.7575,-92.6313,293.29,91,65,3.36,1720404153,United States
311,alta,42.6621,-95.3153,291.73,100,0,2.57,1720404155,United States
312,bodaybo,57.8167,114.0422,301.91,55,31,0.91,1720404156,Russia
313,polyarnyy,69.1883,33.4622,287.81,85,15,8.81,1720404158,Russia
314,ar rass,25.7085,43.3439,301.63,15,0,3.51,1720404160,Saudi Arabia
315,guerrero negro,27.931,-114.0764,294.36,79,0,7.56,1720404161,Mexico
316,kattivakkam,31.4181,-91.8409,301.16,76,100,2.6,1720404163,Not Found
317,kruisfontein,-34.022,24.7333,284.15,78,100,10.73,1720404165,South Africa
318,aneho,6.1889,1.5538,299.27,86,100,6.15,1720404167,Togo
319,yarmouth,41.5557,-70.2949,297.95,95,100,2.57,1720404168,United States
320,ancud,-42.2543,-74.1606,277.76,86,9,3.91,1720404170,Chile
321,labrador city,52.9235,-66.9887,294.09,52,20,4.12,1720404172,Canada
322,xining,36.4573,101.6162,287.71,82,98,0.34,1720404173,China
323,menaka,43.3403,-2.8146,289.3,79,0,1.54,1720404175,Spain
324,zangguy,37.3162,78.7536,298.64,29,79,2.38,1720404177,China
325,carutapera,-1.741,-46.1763,295.47,96,5,1.03,1720404179,Brazil
326,weno,7.4116,151.8361,301.86,76,100,4.5,1720404180,Federated States of Micronesia
327,uige,-8.4328,13.7801,289.91,98,92,0.57,1720404182,Angola
328,caconda,-14.1251,14.724,284.08,23,0,0.22,1720404184,Angola
329,'ohonua,-21.3813,-174.9961,295.37,56,98,9.7,1720404186,Tonga
330,burabay,53.0663,70.2886,289.67,85,97,4.69,1720404187,Kazakhstan
331,puerto la cruz,10.1673,-64.6703,298.94,87,76,3.63,1720404189,Venezuela
332,sola,37.4285,126.7644,298.08,100,100,2.06,1720404191,South Korea
333,verkhnevilyuysk,63.4275,120.2479,298.72,39,4,3.9,1720404193,Russia
334,sinabang,2.4395,96.3406,298.74,85,100,2.14,1720404195,Indonesia
335,new norfolk,-42.8056,147.0197,283.09,66,41,1.46,1720404196,Australia
336,yichang,29.9456,110.2503,294.1,98,100,1.67,1720404198,China
337,takoradi,4.8474,-1.7919,297.51,90,100,3.44,1720404200,Ghana
338,sao felix do xingu,-9.772,-53.4697,295.02,48,25,0.86,1720404202,Brazil
339,sisimiut,66.7772,-53.8265,277.29,94,100,3.43,1720404203,Greenland
340,shingu,33.6694,135.7224,302.29,60,100,3.19,1720404205,Japan
341,prince rupert,54.2016,-130.3657,290.37,80,0,5.14,1720404207,Canada
342,brookings,44.2679,-96.8393,293.41,68,0,2.57,1720404208,United States
343,iaciara,-14.357,-46.9918,294.29,44,0,1.46,1720404210,Brazil
344,fortuna,40.5557,-124.1687,292.13,77,20,5.66,1720404212,United States
345,ploneour-lanvern,47.8636,-4.3443,288.67,94,0,1.54,1720404214,France
346,yeraliyev,48.6423,70.3569,291.7,84,71,5.53,1720404215,Kazakhstan
347,porto murtinho,-22.1818,-58.0099,283.47,95,100,3.48,1720404217,Brazil
348,tobi village,-7.5406,158.4024,300.82,78,42,6.39,1720404219,Solomon Islands
349,alvear,-32.9984,-60.6912,278.65,48,0,2.57,1720404220,Argentina
350,kiunga,-6.156,141.2582,298.34,84,100,1.9,1720404222,Papua New Guinea
351,rzhyshchiv,50.3449,24.7475,292.08,84,67,1.67,1720404224,Ukraine
352,ar ruseris,11.1885,34.332,293.69,86,63,1.94,1720404226,Sudan
353,mejit,10.2682,170.8628,300.93,80,56,7.12,1720404227,Marshall Islands
354,pervomayskiy,54.8506,61.1495,291.2,86,40,2.89,1720404229,Russia
355,yaren,-0.5541,166.9144,301.65,73,99,4.28,1720404231,Nauru
356,huilong,32.6425,115.4391,305.87,61,98,7.93,1720404232,China
357,i-n-salah,25.3587,2.0046,310.25,8,0,6.71,1720404234,Algeria
358,kisesa,-4.2047,37.8529,289.75,88,74,2.02,1720404236,Tanzania
359,gisborne,-38.8213,177.8606,285.01,59,10,3.21,1720404238,New Zealand
360,scottburgh,-30.326,30.7144,290.11,41,40,5.74,1720404240,South Africa
361,la libertad,14.7213,-87.7435,294.7,95,100,0.92,1720404241,Honduras
362,bayan nur,40.5819,107.222,301.74,29,99,2.63,1720404243,China
363,enewetak,11.3209,162.3045,301.71,79,100,7.49,1720404245,Marshall Islands
364,yigo village,44.4173,82.4,299.04,38,69,1.2,1720404246,Not Found
365,we,-44.8997,174.427,282.08,77,64,13.11,1720404248,Not Found
366,sambava,-14.295,50.1157,292.77,91,99,2.41,1720404250,Madagascar
367,fenoarivo be,-18.4533,46.5467,282.62,46,2,1.61,1720404252,Madagascar
368,queenstown,38.9817,-76.1651,301.54,77,89,3.69,1720404253,United States
369,tvoroyri,61.5492,-6.8319,281.35,79,100,3.79,1720404255,Faroe Islands
370,ilhabela,-23.9681,-45.4621,292.56,85,100,6.18,1720404257,Brazil
371,joao camara,-5.6384,-36.0128,294.58,94,90,3.84,1720404259,Brazil
372,shenjiamen,29.9279,122.2598,300.25,87,47,10.17,1720404260,China
373,tarlac city,15.4023,120.5171,303.47,85,100,1.36,1720404262,Philippines
374,midvagur,62.0201,-7.2491,280.81,87,75,1.54,1720404264,Faroe Islands
375,cargados carajos,-16.6233,59.6385,297.56,75,1,2.8,1720404266,Mauritius
376,spassk,44.5526,132.7508,294.72,93,100,2.47,1720404267,Russia
377,monteagudo,41.9529,-1.7398,289.11,73,4,0.93,1720404269,Spain
378,rio san juan,10.7074,-85.1907,294.39,97,100,1.89,1720404271,Nicaragua
379,rongelap,11.1471,166.6125,301.71,77,38,7.23,1720404272,Marshall Islands
380,lakshmipur,22.7845,90.6676,300.5,89,100,5.37,1720404274,Bangladesh
381,peace river,56.1937,-117.3311,302.74,42,20,2.57,1720404276,Canada
382,bosobolo,4.1481,19.8449,292.86,97,84,0.99,1720404278,Democratic Republic of the Congo
383,ash shafa,21.0294,40.2719,298.55,30,67,1.21,1720404279,Saudi Arabia
384,kainantu,-6.3308,145.8279,295.11,53,96,2.5,1720404281,Papua New Guinea
385,yuxi,23.3172,101.2753,298.77,72,100,1.8,1720404283,China
386,aykhal,65.919,111.4705,295.81,43,100,7.98,1720404284,Russia
387,belel,12.8857,1.5249,302.45,61,100,6.16,1720404286,Niger
388,vohipaho,-21.7977,47.7213,286.2,76,0,1.33,1720404288,Madagascar
389,lesogorsk,56.0363,99.4735,295.93,67,100,1.19,1720404290,Russia
390,pocone,-17.9037,-57.6929,289.0,66,94,3.43,1720404291,Brazil
391,nyurba,63.2638,118.2115,298.22,42,40,4.78,1720404293,Russia
392,palikir - national government center,4.9016,114.9051,302.16,83,75,1.54,1720404295,Brunei
393,nahiyat saddat al hindiyah,32.6913,44.2587,305.55,23,0,2.79,1720404297,Iraq
394,tyukhtet,56.5184,89.2779,289.27,71,100,1.65,1720404298,Russia
395,port-gentil,-0.8752,8.6188,296.0,87,92,5.88,1720404300,Gabon
396,onega,63.8831,37.9731,291.01,80,54,4.13,1720404302,Russia
397,cadale,36.4448,-78.9558,297.32,94,40,0.0,1720404304,United States
398,langepas,61.2186,75.0465,292.2,62,4,4.18,1720404305,Russia
399,nampula,-15.2794,39.1016,290.85,92,8,0.91,1720404307,Mozambique
400,bengbu,32.7162,116.7254,308.0,55,99,5.34,1720404309,China
401,tromso,69.2821,17.16,283.15,90,90,1.58,1720404310,Norway
402,juegang,32.2745,121.1417,308.64,53,68,5.85,1720404312,China
403,santa rosa,38.3643,-122.8343,298.26,65,0,5.14,1720404314,United States
404,camalu,30.8024,-116.1027,293.22,88,8,3.17,1720404316,Mexico
405,paramonga,-10.6945,-77.8863,290.98,88,100,5.99,1720404317,Peru
406,mossel bay,-34.2232,22.1136,280.4,85,97,13.79,1720404319,South Africa
407,morehead city,34.706,-76.8381,301.49,84,0,4.12,1720404321,United States
408,cambria,35.5073,-121.1274,300.46,89,70,2.75,1720404322,United States
409,tangalle,5.982,80.756,299.57,81,71,4.67,1720404325,Sri Lanka
410,keflavik,63.9598,-22.5965,281.99,81,40,5.66,1720404326,Iceland
411,leo,33.4329,-97.4147,302.82,71,49,6.99,1720404328,United States
412,forster,42.5411,-82.6382,298.74,69,20,0.0,1720404330,United States
413,melilla,35.1319,-3.1007,292.05,68,0,1.54,1720404331,Spain
414,kirakira,-10.4769,161.9002,301.26,73,42,5.39,1720404333,Solomon Islands
415,puerto deseado,-47.759,-65.9168,275.36,74,100,3.89,1720404335,Argentina
416,westport,45.7118,-95.1759,291.81,92,0,1.54,1720404337,United States
417,ghadamis,29.9658,9.3301,304.58,16,0,5.26,1720404338,Libya
418,uzgen,40.7536,73.2531,292.83,33,88,1.81,1720404340,Kyrgyzstan
419,ta`u,-14.2208,-169.4958,299.03,83,72,10.82,1720404342,United States
420,xai-xai,-25.2045,33.4807,291.22,47,0,8.46,1720404344,Mozambique
421,phan rang-thap cham,11.5301,108.9189,304.31,58,100,1.57,1720404345,Vietnam
422,ust-tsilma,65.4263,52.1399,290.21,66,7,0.5,1720404347,Russia
423,miri,4.2327,113.828,302.27,83,100,0.42,1720404349,Malaysia
424,vilyuysk,63.7365,121.5981,298.14,41,100,3.74,1720404351,Russia
425,zakamensk,50.3358,103.2646,297.99,41,91,0.89,1720404352,Russia
426,taltal,-26.0611,-70.7371,286.08,83,64,4.8,1720404354,Chile
427,zhob,31.1797,69.2877,298.67,56,0,2.06,1720404356,Pakistan
428,viedma,-41.1618,-64.0094,280.32,63,26,7.76,1720404357,Argentina
429,fukuecho,34.294,133.8572,305.89,65,75,6.69,1720404359,Japan
430,port douglas,-16.53,145.4428,296.9,78,98,4.43,1720404361,Australia
431,beichengqu,38.4502,114.9382,300.24,61,45,3.43,1720404363,China
432,espargos,16.7178,-22.9831,298.5,83,75,1.03,1720404365,Cape Verde
433,obock,11.9592,43.2798,307.83,46,86,4.64,1720404366,Djibouti
434,puerto san carlos,-12.6808,-63.57,300.52,50,100,1.91,1720404368,Bolivia
435,pahrump,36.0012,-116.228,318.69,3,0,5.32,1720404370,United States
436,trevelin,-43.1118,-71.4749,274.07,86,99,0.47,1720404371,Argentina
437,sumbawa besar,-8.5299,117.3796,303.55,42,57,2.67,1720404373,Indonesia
438,torghay,49.6139,63.4781,293.53,77,73,7.03,1720404375,Kazakhstan
439,san antonio de pale,-1.4467,5.592,295.43,85,93,5.62,1720404377,Equatorial Guinea
440,tazacorte,28.592,-17.9497,293.27,95,0,5.14,1720404378,Spain
441,port blair,11.5045,92.579,300.2,81,100,4.53,1720404380,India
442,el porvenir,15.3896,-92.3413,286.84,98,100,0.54,1720404382,Mexico
443,kloster lehnin,52.2384,12.5002,287.41,62,57,2.05,1720404383,Germany
444,tranovaho,-25.32,44.9467,287.49,82,0,2.54,1720404385,Madagascar
445,spring creek,43.0802,-101.0904,292.42,63,68,2.85,1720404387,United States
446,tutoia,-3.175,-42.696,296.43,89,77,0.57,1720404389,Brazil
447,de aar,-30.6906,23.9675,273.53,95,100,11.1,1720404390,South Africa
448,crane,36.8864,-93.584,298.88,76,96,2.19,1720404392,United States
449,gunjur,13.136,-16.7999,296.33,87,100,5.53,1720404394,The Gambia
450,prineville,44.2719,-120.9214,309.37,8,0,6.69,1720404396,United States
451,polewali,-3.4732,119.3127,301.01,73,80,2.44,1720404398,Indonesia
452,igrim,63.1789,64.3908,293.18,61,22,2.95,1720404399,Russia
453,chipinge,-20.2289,32.5794,285.19,20,0,2.4,1720404401,Zimbabwe
454,jiuquan,39.5721,98.3337,293.37,50,10,1.77,1720404403,China
455,tindouf,25.5135,-8.6689,300.62,26,0,6.66,1720404404,Algeria
456,gebeit,21.0467,36.2967,302.89,40,91,6.32,1720404406,Sudan
457,roswell,33.9717,-84.4191,299.09,88,75,4.12,1720404408,United States
458,calvinia,-31.5094,19.7372,274.27,95,99,12.41,1720404410,South Africa
459,santa cruz,36.9421,-122.1513,303.49,68,65,3.62,1720404411,United States
460,asau,46.3441,26.1559,287.81,72,1,0.22,1720404413,Romania
461,coracora,-15.0974,-73.9003,282.28,55,52,0.62,1720404415,Peru
462,smithers,38.1581,-81.3161,297.07,86,99,0.89,1720404417,United States
463,jayapura,-2.8392,140.6028,305.05,56,64,1.53,1720404418,Indonesia
464,kalmunai,7.3732,81.7869,300.98,72,100,1.7,1720404420,Sri Lanka
465,shakawe,-18.4033,21.7998,283.56,13,0,2.97,1720404422,Botswana
466,vila franca do campo,37.7117,-25.4958,295.55,94,75,4.63,1720404424,Portugal
467,juan griego,11.0308,-64.0126,301.06,83,36,5.66,1720404425,Venezuela
468,hasaki,35.743,140.8101,307.4,71,100,2.0,1720404427,Japan
469,ataq,14.3677,46.6854,297.71,70,75,3.35,1720404429,Yemen
470,berezovyy,52.8727,50.2043,290.85,73,9,3.57,1720404430,Russia
471,alnwick,40.109,-75.0929,302.25,67,0,2.57,1720404432,United States
472,zeya,53.7043,127.1934,298.51,26,1,4.01,1720404434,Russia
473,filadelfia,39.867,-75.2803,302.58,74,100,1.32,1720404436,United States
474,magadan,59.4725,150.604,284.59,96,100,1.89,1720404437,Russia
475,hithadhoo,-0.6532,73.0758,301.7,72,100,2.2,1720404439,Maldives
476,mortagne-sur-sevre,46.9645,-1.0164,287.58,80,98,2.04,1720404441,France
477,ba,36.2774,108.2511,289.6,79,100,2.31,1720404442,Not Found
478,tongliao,42.2403,119.2352,298.36,52,100,3.85,1720404444,China
479,ikast,56.099,9.1148,285.23,91,100,3.61,1720404446,Denmark
480,nagqu,31.3186,91.8898,287.11,54,98,1.39,1720404448,China
481,miles city,26.1343,-81.3645,303.14,73,100,1.51,1720404449,United States
482,mesyagutovo,55.5094,58.2029,290.79,93,33,2.19,1720404451,Russia
483,shirpur,21.4256,78.2689,299.3,87,100,1.57,1720404453,India
484,helong,41.997,128.3814,292.57,80,100,3.38,1720404455,China
485,masaka,55.4913,37.2905,291.56,77,0,2.0,1720404457,Russia
486,santa elena de uairen,4.4802,-61.1988,291.66,96,100,0.51,1720404459,Venezuela
487,miquelon,44.0516,-0.2349,286.96,87,46,1.7,1720404460,France
488,pandan,11.6131,121.9387,302.17,72,80,2.27,1720404462,Philippines
489,tamanrasset,20.8949,4.7219,305.96,25,3,5.21,1720404464,Algeria
490,alcains,39.8779,-7.5034,287.67,54,12,1.19,1720404466,Portugal
491,kagizman,40.1007,43.0805,288.63,95,100,2.67,1720404467,Turkey
492,ahar,38.4633,47.0433,289.51,84,73,2.39,1720404469,Iran
493,lobujya,27.93,86.7967,279.56,84,92,1.62,1720404471,Nepal
494,thaton,16.7506,97.0397,301.4,76,94,4.1,1720404472,Myanmar
495,chernyshevskiy,52.6345,58.8174,293.11,85,25,1.66,1720404474,Russia
496,grand falls-windsor,48.9217,-55.7511,292.62,88,3,2.11,1720404476,Canada
497,puerto rico,17.7307,-68.1109,301.38,80,40,3.69,1720404478,United States
498,sao gabriel da cachoeira,-1.5279,-70.0472,296.2,94,37,0.7,1720404479,Brazil
499,holyhead,53.2707,-4.6731,285.21,87,8,4.63,1720404481,United Kingdom
500,guangyuan,32.273,105.6963,295.21,97,100,2.63,1720404483,China
501,rumbek,6.6464,29.5167,293.49,92,77,1.95,1720404485,South Sudan
502,mahina,13.7206,-10.8882,299.8,70,100,2.68,1720404486,Mali
503,saldanha,-33.0378,17.9056,284.31,62,89,14.63,1720404488,South Africa
504,muli,27.6786,100.1668,283.67,64,100,0.95,1720404490,China
505,kayangel,7.8369,134.2032,302.03,78,72,6.34,1720404492,Palau
506,baker city,44.7515,-117.8594,305.14,17,0,3.6,1720404493,United States
507,greymouth,-42.4899,171.168,285.05,66,67,1.3,1720404495,New Zealand
508,al kharijah,15.3395,44.1967,292.73,46,90,0.78,1720404497,Yemen
509,port alfred,-33.6382,26.8515,285.58,57,90,3.58,1720404498,South Africa
510,la passe,46.2022,-1.4612,288.24,66,100,4.12,1720404500,France
511,carinhanha,-14.3411,-44.1114,295.16,53,13,0.97,1720404502,Brazil
512,aktau,43.623,51.123,299.28,54,39,4.25,1720404504,Kazakhstan
513,hotan,36.918,79.8318,296.25,29,35,2.47,1720404505,China
514,coquimbo,-30.5098,-71.6709,284.52,81,0,8.92,1720404507,Chile
515,paris,48.8156,2.2241,287.55,80,0,1.54,1720404509,France
516,kailua-kona,19.6176,-156.0434,298.02,92,76,3.24,1720404511,United States
517,subaykhan,34.8406,40.5814,302.64,36,0,5.79,1720404512,Syria
518,maturin,9.6252,-63.356,299.79,91,36,2.27,1720404514,Venezuela
519,soio,48.8456,2.3837,288.01,82,0,1.54,1720404516,France
520,raahe,64.3187,23.6907,289.82,75,100,12.36,1720404518,Finland
521,yulinshi,72.5409,80.9167,286.8,55,0,2.53,1720404520,Not Found
522,karema,-6.8424,30.4193,294.85,54,79,2.13,1720404522,Tanzania
523,tralee,37.5373,-81.4207,296.77,87,40,1.5,1720404523,United States
524,fort st. john,56.2101,-120.8811,300.24,57,8,1.37,1720404525,Canada
525,aleksandrow kujawski,52.8549,18.6773,288.8,83,100,1.83,1720404527,Poland
526,burutu,5.0112,5.2058,299.51,82,100,8.31,1720404528,Nigeria
527,yarkovo,54.7925,82.5795,289.88,91,100,4.38,1720404530,Russia
528,terek,43.4623,44.1163,296.19,51,99,2.28,1720404532,Russia
529,baneasa,43.9639,27.6301,288.9,62,0,0.42,1720404534,Romania
530,saint-philippe,-21.3768,55.6781,292.96,65,0,2.8,1720404535,France
531,gangtok,27.169,88.4523,293.41,82,14,0.91,1720404537,India
532,itaituba,-8.4058,-57.8606,296.31,53,3,0.55,1720404539,Brazil
533,chegdomyn,51.1087,132.9476,287.1,93,100,1.98,1720404541,Russia
534,tacna,32.6786,-113.9739,317.07,18,0,5.7,1720404542,United States
535,shangri-la,27.6763,99.5441,281.54,94,100,1.22,1720404544,China
536,linxia chengguanzhen,35.0255,103.9978,286.95,87,100,1.26,1720404546,China
537,muynoq,43.156,58.1745,299.09,38,0,3.01,1720404547,Uzbekistan
538,santo antonio,-7.0224,-37.9552,294.87,82,54,3.19,1720404549,Brazil
539,mirny,62.4885,113.9161,297.13,39,90,5.44,1720404551,Russia
540,zhosaly,45.4722,64.0617,298.66,42,54,4.37,1720404552,Kazakhstan
541,wusong,22.5778,120.2596,306.18,66,20,2.57,1720404554,Taiwan
542,beaufort west,-32.3936,22.5406,277.94,63,93,10.81,1720404556,South Africa
543,kuqa,41.5535,82.7944,301.64,25,100,1.88,1720404558,China
544,yaring,6.825,101.3313,302.75,76,100,1.94,1720404559,Thailand
545,pirawa,24.1215,75.9938,301.41,74,100,3.69,1720404561,India
546,seaside,45.9467,-123.9618,293.16,77,57,2.69,1720404563,United States
547,chibougamau,49.7341,-74.4684,291.74,62,5,2.42,1720404565,Canada
548,slave lake,55.2502,-114.8105,296.62,59,4,2.53,1720404566,Canada
549,kalix,65.2898,22.338,285.21,86,100,11.29,1720404568,Sweden
550,borgarnes,64.4983,-21.9602,282.02,87,37,1.27,1720404570,Iceland
551,usogorsk,63.4126,48.6328,289.85,65,2,0.88,1720404571,Russia
552,dawson creek,55.7304,-120.2893,299.81,59,6,1.69,1720404573,Canada
553,akureyri,65.6604,-18.1595,278.69,78,13,0.56,1720404575,Iceland
554,page,36.8744,-111.622,312.18,10,40,6.69,1720404577,United States
555,genlis,47.2126,5.1935,285.13,82,100,1.75,1720404578,France
556,puerto armuelles,8.1683,-82.9976,302.23,72,100,1.73,1720404580,Panama
557,kavalerovo,44.243,134.9964,296.75,84,89,0.67,1720404582,Russia
558,ujae,8.7203,165.3165,301.97,75,100,7.16,1720404584,Marshall Islands
559,phu kradueng,16.7262,101.7265,299.68,73,24,0.83,1720404585,Thailand
560,chui,-33.7435,-53.5227,277.73,86,31,2.66,1720404587,Brazil
561,jinan,35.9921,116.2193,300.21,71,100,2.18,1720404589,China
562,yanbu,23.929,37.9087,303.23,79,26,4.96,1720404591,Saudi Arabia
563,okha,53.5616,142.9015,283.17,97,100,3.14,1720404592,Russia
564,selfoss,63.8968,-21.0435,281.97,90,87,1.2,1720404594,Iceland
565,daru,-9.2299,143.05,298.83,80,50,8.24,1720404596,Papua New Guinea
566,manali,32.2055,77.1473,283.38,63,31,0.68,1720404598,India
567,san juan cotzal,15.3939,-91.0758,285.98,95,100,0.89,1720404599,Guatemala
568,manokwari,-1.0214,133.9167,298.15,80,100,1.14,1720404601,Indonesia
569,manay,7.02,126.2955,296.91,96,100,1.94,1720404603,Philippines
570,merritt island,28.3181,-80.7368,303.14,80,10,6.71,1720404605,United States
571,klaksvik,62.1674,-6.629,280.81,80,100,3.15,1720404606,Faroe Islands
572,kasempa,-13.4983,25.7915,285.11,33,5,2.01,1720404608,Zambia
573,kovdor,67.4839,30.3504,285.07,92,4,5.95,1720404610,Russia
574,loen,61.8521,6.8266,283.31,90,100,2.2,1720404612,Norway
575,melfi,40.9487,15.5429,292.79,60,0,3.59,1720404613,Italy
576,inari,28.4937,-97.0739,301.06,86,100,7.18,1720404615,United States
577,lambton shores,43.0657,-82.0873,295.23,80,0,1.67,1720404617,Canada
578,brisas de zicatela,15.7967,-97.0829,302.61,84,40,1.03,1720404618,Mexico
579,dossor,47.5061,52.9479,301.85,40,51,4.69,1720404620,Kazakhstan
580,machico,32.7005,-16.9056,287.89,86,20,2.57,1720404622,Portugal
581,kinana,29.2192,76.318,299.54,82,99,4.97,1720404623,India
582,laguna,32.5673,-111.6493,315.75,12,0,7.35,1720404625,United States
583,cumaribo,2.7368,-71.0778,294.78,99,21,0.79,1720404627,Colombia
584,pacific grove,36.5976,-122.0028,294.16,84,0,3.09,1720404629,United States
585,el granada,37.4829,-122.4895,299.35,73,20,9.26,1720404630,United States
586,mar del plata,-38.1337,-57.6591,278.02,80,66,2.98,1720404632,Argentina
587,nantucket,41.1889,-70.3974,297.12,100,99,4.31,1720404634,United States
588,omaruru,-21.4508,15.9291,279.46,83,0,2.18,1720404636,Namibia
589,vredendal,-31.7194,18.4522,282.14,66,57,9.72,1720404637,South Africa
590,tarazona,41.7784,-1.8638,286.5,68,11,2.26,1720404639,Spain
591,salym,59.9433,71.3043,290.6,57,9,2.91,1720404641,Russia
592,lampazos de naranjo,26.986,-100.5456,307.42,38,100,3.51,1720404643,Mexico
593,lerwick,60.1285,-1.2137,282.7,93,100,4.63,1720404644,United Kingdom
594,woolgoolga,-30.1498,153.1153,288.22,97,100,0.0,1720404646,Australia
595,nizhneangarsk,55.7621,109.54,292.19,69,73,1.52,1720404648,Russia
596,nalut,31.7038,10.8228,300.44,24,0,6.05,1720404650,Libya
597,fannuj,26.5558,59.6197,306.14,9,67,0.54,1720404652,Iran
598,karratha,-20.897,116.6879,296.61,21,21,5.48,1720404653,Australia
599,gracias,14.429,-88.7414,292.23,97,100,0.79,1720404655,Honduras
600,patacamaya,-17.3255,-68.1085,278.35,56,100,3.48,1720404657,Bolivia
601,pirai do sul,-24.6467,-50.21,287.41,73,99,2.02,1720404658,Brazil
602,greeley,40.3776,-104.9074,291.15,75,0,4.12,1720404660,United States
603,porto novo,6.3391,2.4653,298.4,87,100,6.92,1720404662,Benin
